{
  "visibleObjects": {
    "Walls": "Visible",
    "Debris": false,
    "UI": true,
    "Avatar": "Visible",
    "Floor": true,
    "CutParticles": true,
    "Notes": "Visible",
    "EverythingElse": true,
    "Sabers": true
  },
  "type": "FirstPerson",
  "FOV": 80.01,
  "layer": 4,
  "antiAliasing": 1,
  "renderScale": 1.4,
  "orthographic": false,
  "farZ": 5000.0,
  "nearZ": 0.1,
  "viewRect": {
    "x": 0.0,
    "y": 0.0,
    "width": 1.0,
    "height": 1.0,
    "locked": false
  },
  "Multiplayer": {
    "followSpectatorPlattform": true
  },
  "Smoothfollow": {
    "position": 5.8,
    "rotation": 1.5,
    "followReplayPosition": true,
    "limits": {
      "pos_x": "-Infinity:Infinity",
      "pos_y": "-Infinity:Infinity",
      "pos_z": "-Infinity:Infinity",
      "rot_x": "-Infinity:Infinity",
      "rot_y": "-Infinity:Infinity",
      "rot_z": "-Infinity:Infinity"
    },
    "pivotingOffset": true
  },
  "ModmapExtensions": {
    "autoOpaqueWalls": false,
    "autoHideHUD": false
  },
  "FPSLimiter": {
    "fpsLimit": 0
  },
  "PostProcessing": {
    "transparencyThreshold": 0.0,
    "forceDepthTexture": false
  },
  "targetPos": {
    "x": 0.0,
    "y": 0.0,
    "z": -0.3
  },
  "targetRot": {
    "x": 0.0,
    "y": 0.0,
    "z": 0.0
  }
}