{
  "visibleObjects": {
    "Walls": "Hidden",
    "Debris": false,
    "UI": false,
    "Avatar": "Visible",
    "Floor": true,
    "CutParticles": true,
    "Notes": "Visible",
    "EverythingElse": true,
    "Sabers": true
  },
  "type": "Positionable",
  "worldCamVisibility": "Hidden",
  "previewScreenSize": 0.3,
  "worldCamUnderScreen": true,
  "FOV": 59.72,
  "layer": 2,
  "antiAliasing": 2,
  "renderScale": 1.0,
  "orthographic": false,
  "farZ": 5.0,
  "nearZ": 0.1,
  "viewRect": {
    "x": 0.7889,
    "y": 0.0,
    "width": 0.2111,
    "height": 0.3203,
    "locked": false
  },
  "Multiplayer": {
    "followSpectatorPlattform": true
  },
  "ModmapExtensions": {
    "moveWithMap": true,
    "autoOpaqueWalls": false,
    "autoHideHUD": true
  },
  "Follow360": {
    "enabled": true,
    "smoothing": 10.0
  },
  "VMCProtocol": {
    "mode": "Disabled",
    "destination": "127.0.0.1:39540"
  },
  "FPSLimiter": {
    "fpsLimit": 60
  },
  "PostProcessing": {
    "transparencyThreshold": 0.49999997,
    "forceDepthTexture": true
  },
  "targetPos": {
    "x": -3.0577,
    "y": 1.2581,
    "z": 0.0328
  },
  "targetRot": {
    "x": 355.6142,
    "y": 90.0,
    "z": 0.0
  },
  "MovementScript": {
    "scriptList": [],
    "fromOrigin": true,
    "enableInMenu": false
  }
}