{
  "visibleObjects": {
    "Walls": "Hidden",
    "Debris": false,
    "UI": false,
    "Avatar": "Visible",
    "Floor": false,
    "CutParticles": false,
    "Notes": "Visible",
    "EverythingElse": true,
    "Sabers": true
  },
  "type": "Positionable",
  "worldCamVisibility": "Hidden",
  "previewScreenSize": 0.3,
  "worldCamUnderScreen": true,
  "FOV": 35.47,
  "layer": 3,
  "antiAliasing": 2,
  "renderScale": 1.0,
  "orthographic": true,
  "farZ": 6.0,
  "nearZ": 0.1,
  "viewRect": {
    "x": 0.7402,
    "y": 0.2221,
    "width": 0.2453,
    "height": 0.3324,
    "locked": false
  },
  "Multiplayer": {
    "followSpectatorPlattform": true
  },
  "ModmapExtensions": {
    "moveWithMap": true,
    "autoOpaqueWalls": false,
    "autoHideHUD": false
  },
  "Follow360": {
    "enabled": true,
    "smoothing": 10.0
  },
  "VMCProtocol": {
    "mode": "Disabled",
    "destination": "127.0.0.1:39540"
  },
  "FPSLimiter": {
    "fpsLimit": 60
  },
  "PostProcessing": {
    "transparencyThreshold": 0.99999994,
    "forceDepthTexture": true
  },
  "targetPos": {
    "x": -0.0159,
    "y": 0.4907,
    "z": -1.2169
  },
  "targetRot": {
    "x": 351.7914,
    "y": 0.0,
    "z": 0.0
  },
  "MovementScript": {
    "scriptList": [],
    "fromOrigin": true,
    "enableInMenu": false
  }
}